,id
0,A1338-0.jpg
1,A1338-1.jpg
2,A1338-2.jpg
3,A1338-3.jpg
4,A1339-0.jpg
5,A1339-1.jpg
6,A1339-2.jpg
7,A1339-3.jpg
8,A1340-0.jpg
9,A1340-1.jpg
10,A1340-2.jpg
11,A1340-3.jpg
12,A1341-0.jpg
13,A1341-1.jpg
14,A1341-2.jpg
15,A1341-3.jpg
16,A1342-0.jpg
17,A1342-1.jpg
18,A1342-2.jpg
19,A1342-3.jpg
20,A1343-0.jpg
21,A1343-1.jpg
22,A1343-2.jpg
23,A1343-3.jpg
24,A1344-0.jpg
25,A1344-1.jpg
26,A1344-2.jpg
27,A1344-3.jpg
28,A1345-0.jpg
29,A1345-1.jpg
30,A1345-2.jpg
31,A1345-3.jpg
32,A1346-0.jpg
33,A1346-1.jpg
34,A1346-2.jpg
35,A1346-3.jpg
36,A1347-0.jpg
37,A1347-1.jpg
38,A1347-2.jpg
39,A1347-3.jpg
40,A1348-0.jpg
41,A1348-1.jpg
42,A1348-2.jpg
43,A1348-3.jpg
44,A1349-0.jpg
45,A1349-1.jpg
46,A1349-2.jpg
47,A1349-3.jpg
48,A1350-0.jpg
49,A1350-1.jpg
50,A1350-2.jpg
51,A1350-3.jpg
52,A1351-0.jpg
53,A1351-1.jpg
54,A1351-2.jpg
55,A1351-3.jpg
56,A1352-0.jpg
57,A1352-1.jpg
58,A1352-2.jpg
59,A1352-3.jpg
60,A1353-0.jpg
61,A1353-1.jpg
62,A1353-2.jpg
63,A1353-3.jpg
64,A1354-0.jpg
65,A1354-1.jpg
66,A1354-2.jpg
67,A1354-3.jpg
68,A1355-0.jpg
69,A1355-1.jpg
70,A1355-2.jpg
71,A1355-3.jpg
72,A1356-0.jpg
73,A1356-1.jpg
74,A1356-2.jpg
75,A1356-3.jpg
76,A1357-0.jpg
77,A1357-1.jpg
78,A1357-2.jpg
79,A1357-3.jpg
80,A1358-0.jpg
81,A1358-1.jpg
82,A1358-2.jpg
83,A1358-3.jpg
84,A1359-0.jpg
85,A1359-1.jpg
86,A1359-2.jpg
87,A1359-3.jpg
88,A1360-0.jpg
89,A1360-1.jpg
90,A1360-2.jpg
91,A1360-3.jpg
92,A1361-0.jpg
93,A1361-1.jpg
94,A1361-2.jpg
95,A1361-3.jpg
96,A1362-0.jpg
97,A1362-1.jpg
98,A1362-2.jpg
99,A1362-3.jpg
100,A1363-0.jpg
101,A1363-1.jpg
102,A1363-2.jpg
103,A1363-3.jpg
104,A1364-0.jpg
105,A1364-1.jpg
106,A1364-2.jpg
107,A1364-3.jpg
108,A1365-0.jpg
109,A1365-1.jpg
110,A1365-2.jpg
111,A1365-3.jpg
112,A1366-0.jpg
113,A1366-1.jpg
114,A1366-2.jpg
115,A1366-3.jpg
116,A1367-0.jpg
117,A1367-1.jpg
118,A1367-2.jpg
119,A1367-3.jpg
120,A1368-0.jpg
121,A1368-1.jpg
122,A1368-2.jpg
123,A1368-3.jpg
124,A1369-0.jpg
125,A1369-1.jpg
126,A1369-2.jpg
127,A1369-3.jpg
128,A1370-0.jpg
129,A1370-1.jpg
130,A1370-2.jpg
131,A1370-3.jpg
132,A1371-0.jpg
133,A1371-1.jpg
134,A1371-2.jpg
135,A1371-3.jpg
136,A1372-0.jpg
137,A1372-1.jpg
138,A1372-2.jpg
139,A1372-3.jpg
140,A1373-0.jpg
141,A1373-1.jpg
142,A1373-2.jpg
143,A1373-3.jpg
144,A1374-0.jpg
145,A1374-1.jpg
146,A1374-2.jpg
147,A1374-3.jpg
148,A1375-0.jpg
149,A1375-1.jpg
150,A1375-2.jpg
151,A1375-3.jpg
152,A1376-0.jpg
153,A1376-1.jpg
154,A1376-2.jpg
155,A1376-3.jpg
156,A1377-0.jpg
157,A1377-1.jpg
158,A1377-2.jpg
159,A1377-3.jpg
160,A1378-0.jpg
161,A1378-1.jpg
162,A1378-2.jpg
163,A1378-3.jpg
164,A1379-0.jpg
165,A1379-1.jpg
166,A1379-2.jpg
167,A1379-3.jpg
168,A1380-0.jpg
169,A1380-1.jpg
170,A1380-2.jpg
171,A1380-3.jpg
172,A1381-0.jpg
173,A1381-1.jpg
174,A1381-2.jpg
175,A1381-3.jpg
176,A1382-0.jpg
177,A1382-1.jpg
178,A1382-2.jpg
179,A1382-3.jpg
180,A1383-0.jpg
181,A1383-1.jpg
182,A1383-2.jpg
183,A1383-3.jpg
184,A1384-0.jpg
185,A1384-1.jpg
186,A1384-2.jpg
187,A1384-3.jpg
188,A1385-0.jpg
189,A1385-1.jpg
190,A1385-2.jpg
191,A1385-3.jpg
192,A1386-0.jpg
193,A1386-1.jpg
194,A1386-2.jpg
195,A1386-3.jpg
196,A1387-0.jpg
197,A1387-1.jpg
198,A1387-2.jpg
199,A1387-3.jpg
200,A1388-0.jpg
201,A1388-1.jpg
202,A1388-2.jpg
203,A1388-3.jpg
204,A1389-0.jpg
205,A1389-1.jpg
206,A1389-2.jpg
207,A1389-3.jpg
208,A1390-0.jpg
209,A1390-1.jpg
210,A1390-2.jpg
211,A1390-3.jpg
212,A1391-0.jpg
213,A1391-1.jpg
214,A1391-2.jpg
215,A1391-3.jpg
216,A1392-0.jpg
217,A1392-1.jpg
218,A1392-2.jpg
219,A1392-3.jpg
220,A1393-0.jpg
221,A1393-1.jpg
222,A1393-2.jpg
223,A1393-3.jpg
224,A1394-0.jpg
225,A1394-1.jpg
226,A1394-2.jpg
227,A1394-3.jpg
228,A1395-0.jpg
229,A1395-1.jpg
230,A1395-2.jpg
231,A1395-3.jpg
232,A1396-0.jpg
233,A1396-1.jpg
234,A1396-2.jpg
235,A1396-3.jpg
236,A1397-0.jpg
237,A1397-1.jpg
238,A1397-2.jpg
239,A1397-3.jpg
240,A1398-0.jpg
241,A1398-1.jpg
242,A1398-2.jpg
243,A1398-3.jpg
244,A1399-0.jpg
245,A1399-1.jpg
246,A1399-2.jpg
247,A1399-3.jpg
248,A1400-0.jpg
249,A1400-1.jpg
250,A1400-2.jpg
251,A1400-3.jpg
252,A1401-0.jpg
253,A1401-1.jpg
254,A1401-2.jpg
255,A1401-3.jpg
256,B0001-0.jpg
257,B0001-1.jpg
258,B0001-2.jpg
259,B0001-3.jpg
260,B0002-0.jpg
261,B0002-1.jpg
262,B0002-2.jpg
263,B0002-3.jpg
264,B0003-0.jpg
265,B0003-1.jpg
266,B0003-2.jpg
267,B0003-3.jpg
268,B0004-0.jpg
269,B0004-1.jpg
270,B0004-2.jpg
271,B0004-3.jpg
272,B0005-0.jpg
273,B0005-1.jpg
274,B0005-2.jpg
275,B0005-3.jpg
276,B0006-0.jpg
277,B0006-1.jpg
278,B0006-2.jpg
279,B0006-3.jpg
280,B0007-0.jpg
281,B0007-1.jpg
282,B0007-2.jpg
283,B0007-3.jpg
284,B0008-0.jpg
285,B0008-1.jpg
286,B0008-2.jpg
287,B0008-3.jpg
288,B0009-0.jpg
289,B0009-1.jpg
290,B0009-2.jpg
291,B0009-3.jpg
292,B0010-0.jpg
293,B0010-1.jpg
294,B0010-2.jpg
295,B0010-3.jpg
296,B0011-0.jpg
297,B0011-1.jpg
298,B0011-2.jpg
299,B0011-3.jpg
300,B0012-0.jpg
301,B0012-1.jpg
302,B0012-2.jpg
303,B0012-3.jpg
304,B0013-0.jpg
305,B0013-1.jpg
306,B0013-2.jpg
307,B0013-3.jpg
308,B0014-0.jpg
309,B0014-1.jpg
310,B0014-2.jpg
311,B0014-3.jpg
312,B0015-0.jpg
313,B0015-1.jpg
314,B0015-2.jpg
315,B0015-3.jpg
316,B0016-0.jpg
317,B0016-1.jpg
318,B0016-2.jpg
319,B0016-3.jpg
320,B0017-0.jpg
321,B0017-1.jpg
322,B0017-2.jpg
323,B0017-3.jpg
324,B0018-0.jpg
325,B0018-1.jpg
326,B0018-2.jpg
327,B0018-3.jpg
328,B0019-0.jpg
329,B0019-1.jpg
330,B0019-2.jpg
331,B0019-3.jpg
332,B0020-0.jpg
333,B0020-1.jpg
334,B0020-2.jpg
335,B0020-3.jpg
336,B0021-0.jpg
337,B0021-1.jpg
338,B0021-2.jpg
339,B0021-3.jpg
340,B0022-0.jpg
341,B0022-1.jpg
342,B0022-2.jpg
343,B0022-3.jpg
344,B0023-0.jpg
345,B0023-1.jpg
346,B0023-2.jpg
347,B0023-3.jpg
348,B0024-0.jpg
349,B0024-1.jpg
350,B0024-2.jpg
351,B0024-3.jpg
352,B0025-0.jpg
353,B0025-1.jpg
354,B0025-2.jpg
355,B0025-3.jpg
356,B0026-0.jpg
357,B0026-1.jpg
358,B0026-2.jpg
359,B0026-3.jpg
360,B0027-0.jpg
361,B0027-1.jpg
362,B0027-2.jpg
363,B0027-3.jpg
364,B0028-0.jpg
365,B0028-1.jpg
366,B0028-2.jpg
367,B0028-3.jpg
368,B0029-0.jpg
369,B0029-1.jpg
370,B0029-2.jpg
371,B0029-3.jpg
372,B0030-0.jpg
373,B0030-1.jpg
374,B0030-2.jpg
375,B0030-3.jpg
376,B0031-0.jpg
377,B0031-1.jpg
378,B0031-2.jpg
379,B0031-3.jpg
380,B0032-0.jpg
381,B0032-1.jpg
382,B0032-2.jpg
383,B0032-3.jpg
384,B1338-0.jpg
385,B1338-1.jpg
386,B1338-2.jpg
387,B1338-3.jpg
388,B1339-0.jpg
389,B1339-1.jpg
390,B1339-2.jpg
391,B1339-3.jpg
392,B1340-0.jpg
393,B1340-1.jpg
394,B1340-2.jpg
395,B1340-3.jpg
396,B1341-0.jpg
397,B1341-1.jpg
398,B1341-2.jpg
399,B1341-3.jpg
400,B1342-0.jpg
401,B1342-1.jpg
402,B1342-2.jpg
403,B1342-3.jpg
404,B1343-0.jpg
405,B1343-1.jpg
406,B1343-2.jpg
407,B1343-3.jpg
408,B1344-0.jpg
409,B1344-1.jpg
410,B1344-2.jpg
411,B1344-3.jpg
412,B1345-0.jpg
413,B1345-1.jpg
414,B1345-2.jpg
415,B1345-3.jpg
416,B1346-0.jpg
417,B1346-1.jpg
418,B1346-2.jpg
419,B1346-3.jpg
420,B1347-0.jpg
421,B1347-1.jpg
422,B1347-2.jpg
423,B1347-3.jpg
424,B1348-0.jpg
425,B1348-1.jpg
426,B1348-2.jpg
427,B1348-3.jpg
428,B1349-0.jpg
429,B1349-1.jpg
430,B1349-2.jpg
431,B1349-3.jpg
432,B1350-0.jpg
433,B1350-1.jpg
434,B1350-2.jpg
435,B1350-3.jpg
436,B1351-0.jpg
437,B1351-1.jpg
438,B1351-2.jpg
439,B1351-3.jpg
440,B1352-0.jpg
441,B1352-1.jpg
442,B1352-2.jpg
443,B1352-3.jpg
444,B1353-0.jpg
445,B1353-1.jpg
446,B1353-2.jpg
447,B1353-3.jpg
448,B1354-0.jpg
449,B1354-1.jpg
450,B1354-2.jpg
451,B1354-3.jpg
452,B1355-0.jpg
453,B1355-1.jpg
454,B1355-2.jpg
455,B1355-3.jpg
456,B1356-0.jpg
457,B1356-1.jpg
458,B1356-2.jpg
459,B1356-3.jpg
460,B1357-0.jpg
461,B1357-1.jpg
462,B1357-2.jpg
463,B1357-3.jpg
464,B1358-0.jpg
465,B1358-1.jpg
466,B1358-2.jpg
467,B1358-3.jpg
468,B1359-0.jpg
469,B1359-1.jpg
470,B1359-2.jpg
471,B1359-3.jpg
472,B1360-0.jpg
473,B1360-1.jpg
474,B1360-2.jpg
475,B1360-3.jpg
476,B1361-0.jpg
477,B1361-1.jpg
478,B1361-2.jpg
479,B1361-3.jpg
480,B1362-0.jpg
481,B1362-1.jpg
482,B1362-2.jpg
483,B1362-3.jpg
484,B1363-0.jpg
485,B1363-1.jpg
486,B1363-2.jpg
487,B1363-3.jpg
488,B1364-0.jpg
489,B1364-1.jpg
490,B1364-2.jpg
491,B1364-3.jpg
492,B1365-0.jpg
493,B1365-1.jpg
494,B1365-2.jpg
495,B1365-3.jpg
496,B1366-0.jpg
497,B1366-1.jpg
498,B1366-2.jpg
499,B1366-3.jpg
500,B1367-0.jpg
501,B1367-1.jpg
502,B1367-2.jpg
503,B1367-3.jpg
504,B1368-0.jpg
505,B1368-1.jpg
506,B1368-2.jpg
507,B1368-3.jpg
508,B1369-0.jpg
509,B1369-1.jpg
510,B1369-2.jpg
511,B1369-3.jpg
512,B1370-0.jpg
513,B1370-1.jpg
514,B1370-2.jpg
515,B1370-3.jpg
516,B1371-0.jpg
517,B1371-1.jpg
518,B1371-2.jpg
519,B1371-3.jpg
520,B1372-0.jpg
521,B1372-1.jpg
522,B1372-2.jpg
523,B1372-3.jpg
524,B1373-0.jpg
525,B1373-1.jpg
526,B1373-2.jpg
527,B1373-3.jpg
528,B1374-0.jpg
529,B1374-1.jpg
530,B1374-2.jpg
531,B1374-3.jpg
532,B1375-0.jpg
533,B1375-1.jpg
534,B1375-2.jpg
535,B1375-3.jpg
536,B1376-0.jpg
537,B1376-1.jpg
538,B1376-2.jpg
539,B1376-3.jpg
540,B1377-0.jpg
541,B1377-1.jpg
542,B1377-2.jpg
543,B1377-3.jpg
544,B1378-0.jpg
545,B1378-1.jpg
546,B1378-2.jpg
547,B1378-3.jpg
548,B1379-0.jpg
549,B1379-1.jpg
550,B1379-2.jpg
551,B1379-3.jpg
552,B1380-0.jpg
553,B1380-1.jpg
554,B1380-2.jpg
555,B1380-3.jpg
556,B1381-0.jpg
557,B1381-1.jpg
558,B1381-2.jpg
559,B1381-3.jpg
560,B1382-0.jpg
561,B1382-1.jpg
562,B1382-2.jpg
563,B1382-3.jpg
564,B1383-0.jpg
565,B1383-1.jpg
566,B1383-2.jpg
567,B1383-3.jpg
568,B1384-0.jpg
569,B1384-1.jpg
570,B1384-2.jpg
571,B1384-3.jpg
572,B1385-0.jpg
573,B1385-1.jpg
574,B1385-2.jpg
575,B1385-3.jpg
576,B1386-0.jpg
577,B1386-1.jpg
578,B1386-2.jpg
579,B1386-3.jpg
580,B1387-0.jpg
581,B1387-1.jpg
582,B1387-2.jpg
583,B1387-3.jpg
584,B1388-0.jpg
585,B1388-1.jpg
586,B1388-2.jpg
587,B1388-3.jpg
588,B1389-0.jpg
589,B1389-1.jpg
590,B1389-2.jpg
591,B1389-3.jpg
592,B1390-0.jpg
593,B1390-1.jpg
594,B1390-2.jpg
595,B1390-3.jpg
596,B1391-0.jpg
597,B1391-1.jpg
598,B1391-2.jpg
599,B1391-3.jpg
600,B1392-0.jpg
601,B1392-1.jpg
602,B1392-2.jpg
603,B1392-3.jpg
604,B1393-0.jpg
605,B1393-1.jpg
606,B1393-2.jpg
607,B1393-3.jpg
608,B1394-0.jpg
609,B1394-1.jpg
610,B1394-2.jpg
611,B1394-3.jpg
612,B1395-0.jpg
613,B1395-1.jpg
614,B1395-2.jpg
615,B1395-3.jpg
616,B1396-0.jpg
617,B1396-1.jpg
618,B1396-2.jpg
619,B1396-3.jpg
620,B1397-0.jpg
621,B1397-1.jpg
622,B1397-2.jpg
623,B1397-3.jpg
624,B1398-0.jpg
625,B1398-1.jpg
626,B1398-2.jpg
627,B1398-3.jpg
628,B1399-0.jpg
629,B1399-1.jpg
630,B1399-2.jpg
631,B1399-3.jpg
632,B1400-0.jpg
633,B1400-1.jpg
634,B1400-2.jpg
635,B1400-3.jpg
636,B1401-0.jpg
637,B1401-1.jpg
638,B1401-2.jpg
639,B1401-3.jpg
640,B1434-0.jpg
641,B1434-1.jpg
642,B1434-2.jpg
643,B1434-3.jpg
644,B1435-0.jpg
645,B1435-1.jpg
646,B1435-2.jpg
647,B1435-3.jpg
648,B1438-0.jpg
649,B1438-1.jpg
650,B1438-2.jpg
651,B1438-3.jpg
652,B1439-0.jpg
653,B1439-1.jpg
654,B1439-2.jpg
655,B1439-3.jpg
656,B1553-0.jpg
657,B1553-1.jpg
658,B1553-2.jpg
659,B1553-3.jpg
660,B1554-0.jpg
661,B1554-1.jpg
662,B1554-2.jpg
663,B1554-3.jpg
664,B1557-0.jpg
665,B1557-1.jpg
666,B1557-2.jpg
667,B1557-3.jpg
668,B1558-0.jpg
669,B1558-1.jpg
670,B1558-2.jpg
671,B1558-3.jpg
672,B1559-0.jpg
673,B1559-1.jpg
674,B1559-2.jpg
675,B1559-3.jpg
676,B1560-0.jpg
677,B1560-1.jpg
678,B1560-2.jpg
679,B1560-3.jpg
680,B1566-0.jpg
681,B1566-1.jpg
682,B1566-2.jpg
683,B1566-3.jpg
684,B1567-0.jpg
685,B1567-1.jpg
686,B1567-2.jpg
687,B1567-3.jpg
688,B1583-0.jpg
689,B1583-1.jpg
690,B1583-2.jpg
691,B1583-3.jpg
692,B1584-0.jpg
693,B1584-1.jpg
694,B1584-2.jpg
695,B1584-3.jpg
696,B1656-0.jpg
697,B1656-1.jpg
698,B1656-2.jpg
699,B1656-3.jpg
700,B1657-0.jpg
701,B1657-1.jpg
702,B1657-2.jpg
703,B1657-3.jpg
704,B1658-0.jpg
705,B1658-1.jpg
706,B1658-2.jpg
707,B1658-3.jpg
708,B1662-0.jpg
709,B1662-1.jpg
710,B1662-2.jpg
711,B1662-3.jpg
712,B1663-0.jpg
713,B1663-1.jpg
714,B1663-2.jpg
715,B1663-3.jpg
716,B1666-0.jpg
717,B1666-1.jpg
718,B1666-2.jpg
719,B1666-3.jpg
720,B1667-0.jpg
721,B1667-1.jpg
722,B1667-2.jpg
723,B1667-3.jpg
724,B1671-0.jpg
725,B1671-1.jpg
726,B1671-2.jpg
727,B1671-3.jpg
728,B1672-0.jpg
729,B1672-1.jpg
730,B1672-2.jpg
731,B1672-3.jpg
732,B1674-0.jpg
733,B1674-1.jpg
734,B1674-2.jpg
735,B1674-3.jpg
736,B1675-0.jpg
737,B1675-1.jpg
738,B1675-2.jpg
739,B1675-3.jpg
740,B1677-0.jpg
741,B1677-1.jpg
742,B1677-2.jpg
743,B1677-3.jpg
744,B1678-0.jpg
745,B1678-1.jpg
746,B1678-2.jpg
747,B1678-3.jpg
748,B1683-0.jpg
749,B1683-1.jpg
750,B1683-2.jpg
751,B1683-3.jpg
752,B1684-0.jpg
753,B1684-1.jpg
754,B1684-2.jpg
755,B1684-3.jpg
756,B1689-0.jpg
757,B1689-1.jpg
758,B1689-2.jpg
759,B1689-3.jpg
760,B1690-0.jpg
761,B1690-1.jpg
762,B1690-2.jpg
763,B1690-3.jpg
764,B1691-0.jpg
765,B1691-1.jpg
766,B1691-2.jpg
767,B1691-3.jpg
768,B1692-0.jpg
769,B1692-1.jpg
770,B1692-2.jpg
771,B1692-3.jpg
772,B1696-0.jpg
773,B1696-1.jpg
774,B1696-2.jpg
775,B1696-3.jpg
776,B1697-0.jpg
777,B1697-1.jpg
778,B1697-2.jpg
779,B1697-3.jpg
780,B1698-0.jpg
781,B1698-1.jpg
782,B1698-2.jpg
783,B1698-3.jpg
784,B1699-0.jpg
785,B1699-1.jpg
786,B1699-2.jpg
787,B1699-3.jpg
788,C0001-0.jpg
789,C0001-1.jpg
790,C0001-2.jpg
791,C0001-3.jpg
792,C0002-0.jpg
793,C0002-1.jpg
794,C0002-2.jpg
795,C0002-3.jpg
796,C0003-0.jpg
797,C0003-1.jpg
798,C0003-2.jpg
799,C0003-3.jpg
800,C0004-0.jpg
801,C0004-1.jpg
802,C0004-2.jpg
803,C0004-3.jpg
804,C0005-0.jpg
805,C0005-1.jpg
806,C0005-2.jpg
807,C0005-3.jpg
808,C0006-0.jpg
809,C0006-1.jpg
810,C0006-2.jpg
811,C0006-3.jpg
812,C0007-0.jpg
813,C0007-1.jpg
814,C0007-2.jpg
815,C0007-3.jpg
816,C0008-0.jpg
817,C0008-1.jpg
818,C0008-2.jpg
819,C0008-3.jpg
820,C0009-0.jpg
821,C0009-1.jpg
822,C0009-2.jpg
823,C0009-3.jpg
824,C0010-0.jpg
825,C0010-1.jpg
826,C0010-2.jpg
827,C0010-3.jpg
828,C0011-0.jpg
829,C0011-1.jpg
830,C0011-2.jpg
831,C0011-3.jpg
832,C0012-0.jpg
833,C0012-1.jpg
834,C0012-2.jpg
835,C0012-3.jpg
836,C0013-0.jpg
837,C0013-1.jpg
838,C0013-2.jpg
839,C0013-3.jpg
840,C0014-0.jpg
841,C0014-1.jpg
842,C0014-2.jpg
843,C0014-3.jpg
844,C0015-0.jpg
845,C0015-1.jpg
846,C0015-2.jpg
847,C0015-3.jpg
848,C0016-0.jpg
849,C0016-1.jpg
850,C0016-2.jpg
851,C0016-3.jpg
852,C0017-0.jpg
853,C0017-1.jpg
854,C0017-2.jpg
855,C0017-3.jpg
856,C0018-0.jpg
857,C0018-1.jpg
858,C0018-2.jpg
859,C0018-3.jpg
860,C0019-0.jpg
861,C0019-1.jpg
862,C0019-2.jpg
863,C0019-3.jpg
864,C0020-0.jpg
865,C0020-1.jpg
866,C0020-2.jpg
867,C0020-3.jpg
868,C0021-0.jpg
869,C0021-1.jpg
870,C0021-2.jpg
871,C0021-3.jpg
872,C0022-0.jpg
873,C0022-1.jpg
874,C0022-2.jpg
875,C0022-3.jpg
876,C0023-0.jpg
877,C0023-1.jpg
878,C0023-2.jpg
879,C0023-3.jpg
880,C0024-0.jpg
881,C0024-1.jpg
882,C0024-2.jpg
883,C0024-3.jpg
884,C0025-0.jpg
885,C0025-1.jpg
886,C0025-2.jpg
887,C0025-3.jpg
888,C0026-0.jpg
889,C0026-1.jpg
890,C0026-2.jpg
891,C0026-3.jpg
892,C0027-0.jpg
893,C0027-1.jpg
894,C0027-2.jpg
895,C0027-3.jpg
896,C0028-0.jpg
897,C0028-1.jpg
898,C0028-2.jpg
899,C0028-3.jpg
900,C0029-0.jpg
901,C0029-1.jpg
902,C0029-2.jpg
903,C0029-3.jpg
904,C0030-0.jpg
905,C0030-1.jpg
906,C0030-2.jpg
907,C0030-3.jpg
908,C0031-0.jpg
909,C0031-1.jpg
910,C0031-2.jpg
911,C0031-3.jpg
912,C0032-0.jpg
913,C0032-1.jpg
914,C0032-2.jpg
915,C0032-3.jpg
916,C1338-0.jpg
917,C1338-1.jpg
918,C1338-2.jpg
919,C1338-3.jpg
920,C1339-0.jpg
921,C1339-1.jpg
922,C1339-2.jpg
923,C1339-3.jpg
924,C1340-0.jpg
925,C1340-1.jpg
926,C1340-2.jpg
927,C1340-3.jpg
928,C1341-0.jpg
929,C1341-1.jpg
930,C1341-2.jpg
931,C1341-3.jpg
932,C1342-0.jpg
933,C1342-1.jpg
934,C1342-2.jpg
935,C1342-3.jpg
936,C1343-0.jpg
937,C1343-1.jpg
938,C1343-2.jpg
939,C1343-3.jpg
940,C1344-0.jpg
941,C1344-1.jpg
942,C1344-2.jpg
943,C1344-3.jpg
944,C1345-0.jpg
945,C1345-1.jpg
946,C1345-2.jpg
947,C1345-3.jpg
948,C1346-0.jpg
949,C1346-1.jpg
950,C1346-2.jpg
951,C1346-3.jpg
952,C1347-0.jpg
953,C1347-1.jpg
954,C1347-2.jpg
955,C1347-3.jpg
956,C1348-0.jpg
957,C1348-1.jpg
958,C1348-2.jpg
959,C1348-3.jpg
960,C1349-0.jpg
961,C1349-1.jpg
962,C1349-2.jpg
963,C1349-3.jpg
964,C1350-0.jpg
965,C1350-1.jpg
966,C1350-2.jpg
967,C1350-3.jpg
968,C1351-0.jpg
969,C1351-1.jpg
970,C1351-2.jpg
971,C1351-3.jpg
972,C1352-0.jpg
973,C1352-1.jpg
974,C1352-2.jpg
975,C1352-3.jpg
976,C1353-0.jpg
977,C1353-1.jpg
978,C1353-2.jpg
979,C1353-3.jpg
980,C1354-0.jpg
981,C1354-1.jpg
982,C1354-2.jpg
983,C1354-3.jpg
984,C1355-0.jpg
985,C1355-1.jpg
986,C1355-2.jpg
987,C1355-3.jpg
988,C1356-0.jpg
989,C1356-1.jpg
990,C1356-2.jpg
991,C1356-3.jpg
992,C1357-0.jpg
993,C1357-1.jpg
994,C1357-2.jpg
995,C1357-3.jpg
996,C1358-0.jpg
997,C1358-1.jpg
998,C1358-2.jpg
999,C1358-3.jpg
1000,C1359-0.jpg
1001,C1359-1.jpg
1002,C1359-2.jpg
1003,C1359-3.jpg
1004,C1360-0.jpg
1005,C1360-1.jpg
1006,C1360-2.jpg
1007,C1360-3.jpg
1008,C1361-0.jpg
1009,C1361-1.jpg
1010,C1361-2.jpg
1011,C1361-3.jpg
1012,C1362-0.jpg
1013,C1362-1.jpg
1014,C1362-2.jpg
1015,C1362-3.jpg
1016,C1363-0.jpg
1017,C1363-1.jpg
1018,C1363-2.jpg
1019,C1363-3.jpg
1020,C1364-0.jpg
1021,C1364-1.jpg
1022,C1364-2.jpg
1023,C1364-3.jpg
1024,C1365-0.jpg
1025,C1365-1.jpg
1026,C1365-2.jpg
1027,C1365-3.jpg
1028,C1366-0.jpg
1029,C1366-1.jpg
1030,C1366-2.jpg
1031,C1366-3.jpg
1032,C1367-0.jpg
1033,C1367-1.jpg
1034,C1367-2.jpg
1035,C1367-3.jpg
1036,C1368-0.jpg
1037,C1368-1.jpg
1038,C1368-2.jpg
1039,C1368-3.jpg
1040,C1369-0.jpg
1041,C1369-1.jpg
1042,C1369-2.jpg
1043,C1369-3.jpg
1044,C1370-0.jpg
1045,C1370-1.jpg
1046,C1370-2.jpg
1047,C1370-3.jpg
1048,C1371-0.jpg
1049,C1371-1.jpg
1050,C1371-2.jpg
1051,C1371-3.jpg
1052,C1372-0.jpg
1053,C1372-1.jpg
1054,C1372-2.jpg
1055,C1372-3.jpg
1056,C1373-0.jpg
1057,C1373-1.jpg
1058,C1373-2.jpg
1059,C1373-3.jpg
1060,C1374-0.jpg
1061,C1374-1.jpg
1062,C1374-2.jpg
1063,C1374-3.jpg
1064,C1375-0.jpg
1065,C1375-1.jpg
1066,C1375-2.jpg
1067,C1375-3.jpg
1068,C1376-0.jpg
1069,C1376-1.jpg
1070,C1376-2.jpg
1071,C1376-3.jpg
1072,C1377-0.jpg
1073,C1377-1.jpg
1074,C1377-2.jpg
1075,C1377-3.jpg
1076,C1378-0.jpg
1077,C1378-1.jpg
1078,C1378-2.jpg
1079,C1378-3.jpg
1080,C1379-0.jpg
1081,C1379-1.jpg
1082,C1379-2.jpg
1083,C1379-3.jpg
1084,C1380-0.jpg
1085,C1380-1.jpg
1086,C1380-2.jpg
1087,C1380-3.jpg
1088,C1381-0.jpg
1089,C1381-1.jpg
1090,C1381-2.jpg
1091,C1381-3.jpg
1092,C1382-0.jpg
1093,C1382-1.jpg
1094,C1382-2.jpg
1095,C1382-3.jpg
1096,C1383-0.jpg
1097,C1383-1.jpg
1098,C1383-2.jpg
1099,C1383-3.jpg
1100,C1384-0.jpg
1101,C1384-1.jpg
1102,C1384-2.jpg
1103,C1384-3.jpg
1104,C1385-0.jpg
1105,C1385-1.jpg
1106,C1385-2.jpg
1107,C1385-3.jpg
1108,C1386-0.jpg
1109,C1386-1.jpg
1110,C1386-2.jpg
1111,C1386-3.jpg
1112,C1387-0.jpg
1113,C1387-1.jpg
1114,C1387-2.jpg
1115,C1387-3.jpg
1116,C1388-0.jpg
1117,C1388-1.jpg
1118,C1388-2.jpg
1119,C1388-3.jpg
1120,C1389-0.jpg
1121,C1389-1.jpg
1122,C1389-2.jpg
1123,C1389-3.jpg
1124,C1390-0.jpg
1125,C1390-1.jpg
1126,C1390-2.jpg
1127,C1390-3.jpg
1128,C1391-0.jpg
1129,C1391-1.jpg
1130,C1391-2.jpg
1131,C1391-3.jpg
1132,C1392-0.jpg
1133,C1392-1.jpg
1134,C1392-2.jpg
1135,C1392-3.jpg
1136,C1393-0.jpg
1137,C1393-1.jpg
1138,C1393-2.jpg
1139,C1393-3.jpg
1140,C1394-0.jpg
1141,C1394-1.jpg
1142,C1394-2.jpg
1143,C1394-3.jpg
1144,C1395-0.jpg
1145,C1395-1.jpg
1146,C1395-2.jpg
1147,C1395-3.jpg
1148,C1396-0.jpg
1149,C1396-1.jpg
1150,C1396-2.jpg
1151,C1396-3.jpg
1152,C1397-0.jpg
1153,C1397-1.jpg
1154,C1397-2.jpg
1155,C1397-3.jpg
1156,C1398-0.jpg
1157,C1398-1.jpg
1158,C1398-2.jpg
1159,C1398-3.jpg
1160,C1399-0.jpg
1161,C1399-1.jpg
1162,C1399-2.jpg
1163,C1399-3.jpg
1164,C1400-0.jpg
1165,C1400-1.jpg
1166,C1400-2.jpg
1167,C1400-3.jpg
1168,C1401-0.jpg
1169,C1401-1.jpg
1170,C1401-2.jpg
1171,C1401-3.jpg
1172,C1434-0.jpg
1173,C1434-1.jpg
1174,C1434-2.jpg
1175,C1434-3.jpg
1176,C1435-0.jpg
1177,C1435-1.jpg
1178,C1435-2.jpg
1179,C1435-3.jpg
1180,C1438-0.jpg
1181,C1438-1.jpg
1182,C1438-2.jpg
1183,C1438-3.jpg
1184,C1439-0.jpg
1185,C1439-1.jpg
1186,C1439-2.jpg
1187,C1439-3.jpg
1188,C1553-0.jpg
1189,C1553-1.jpg
1190,C1553-2.jpg
1191,C1553-3.jpg
1192,C1554-0.jpg
1193,C1554-1.jpg
1194,C1554-2.jpg
1195,C1554-3.jpg
1196,C1557-0.jpg
1197,C1557-1.jpg
1198,C1557-2.jpg
1199,C1557-3.jpg
1200,C1558-0.jpg
1201,C1558-1.jpg
1202,C1558-2.jpg
1203,C1558-3.jpg
1204,C1559-0.jpg
1205,C1559-1.jpg
1206,C1559-2.jpg
1207,C1559-3.jpg
1208,C1560-0.jpg
1209,C1560-1.jpg
1210,C1560-2.jpg
1211,C1560-3.jpg
1212,C1566-0.jpg
1213,C1566-1.jpg
1214,C1566-2.jpg
1215,C1566-3.jpg
1216,C1567-0.jpg
1217,C1567-1.jpg
1218,C1567-2.jpg
1219,C1567-3.jpg
1220,C1583-0.jpg
1221,C1583-1.jpg
1222,C1583-2.jpg
1223,C1583-3.jpg
1224,C1584-0.jpg
1225,C1584-1.jpg
1226,C1584-2.jpg
1227,C1584-3.jpg
1228,C1656-0.jpg
1229,C1656-1.jpg
1230,C1656-2.jpg
1231,C1656-3.jpg
1232,C1657-1-0.jpg
1233,C1657-1-1.jpg
1234,C1657-1-2.jpg
1235,C1657-1-3.jpg
1236,C1657-2-0.jpg
1237,C1657-2-1.jpg
1238,C1657-2-2.jpg
1239,C1657-2-3.jpg
1240,C1658-0.jpg
1241,C1658-1.jpg
1242,C1658-2.jpg
1243,C1658-3.jpg
1244,C1662-0.jpg
1245,C1662-1.jpg
1246,C1662-2.jpg
1247,C1662-3.jpg
1248,C1663-0.jpg
1249,C1663-1.jpg
1250,C1663-2.jpg
1251,C1663-3.jpg
1252,C1666-0.jpg
1253,C1666-1.jpg
1254,C1666-2.jpg
1255,C1666-3.jpg
1256,C1667-0.jpg
1257,C1667-1.jpg
1258,C1667-2.jpg
1259,C1667-3.jpg
1260,C1671-0.jpg
1261,C1671-1.jpg
1262,C1671-2.jpg
1263,C1671-3.jpg
1264,C1672-0.jpg
1265,C1672-1.jpg
1266,C1672-2.jpg
1267,C1672-3.jpg
1268,C1674-0.jpg
1269,C1674-1.jpg
1270,C1674-2.jpg
1271,C1674-3.jpg
1272,C1675-0.jpg
1273,C1675-1.jpg
1274,C1675-2.jpg
1275,C1675-3.jpg
1276,C1677-0.jpg
1277,C1677-1.jpg
1278,C1677-2.jpg
1279,C1677-3.jpg
1280,C1678-0.jpg
1281,C1678-1.jpg
1282,C1678-2.jpg
1283,C1678-3.jpg
1284,C1683-0.jpg
1285,C1683-1.jpg
1286,C1683-2.jpg
1287,C1683-3.jpg
1288,C1684-0.jpg
1289,C1684-1.jpg
1290,C1684-2.jpg
1291,C1684-3.jpg
1292,C1689-0.jpg
1293,C1689-1.jpg
1294,C1689-2.jpg
1295,C1689-3.jpg
1296,C1690-0.jpg
1297,C1690-1.jpg
1298,C1690-2.jpg
1299,C1690-3.jpg
1300,C1691-0.jpg
1301,C1691-1.jpg
1302,C1691-2.jpg
1303,C1691-3.jpg
1304,C1692-0.jpg
1305,C1692-1.jpg
1306,C1692-2.jpg
1307,C1692-3.jpg
1308,C1696-0.jpg
1309,C1696-1.jpg
1310,C1696-2.jpg
1311,C1696-3.jpg
1312,C1697-0.jpg
1313,C1697-1.jpg
1314,C1697-2.jpg
1315,C1697-3.jpg
1316,C1698-0.jpg
1317,C1698-1.jpg
1318,C1698-2.jpg
1319,C1698-3.jpg
1320,C1699-0.jpg
1321,C1699-1.jpg
1322,C1699-2.jpg
1323,C1699-3.jpg
1324,D1338-0.jpg
1325,D1338-1.jpg
1326,D1338-2.jpg
1327,D1338-3.jpg
1328,D1339-0.jpg
1329,D1339-1.jpg
1330,D1339-2.jpg
1331,D1339-3.jpg
1332,D1340-0.jpg
1333,D1340-1.jpg
1334,D1340-2.jpg
1335,D1340-3.jpg
1336,D1341-0.jpg
1337,D1341-1.jpg
1338,D1341-2.jpg
1339,D1341-3.jpg
1340,D1342-0.jpg
1341,D1342-1.jpg
1342,D1342-2.jpg
1343,D1342-3.jpg
1344,D1343-0.jpg
1345,D1343-1.jpg
1346,D1343-2.jpg
1347,D1343-3.jpg
1348,D1344-0.jpg
1349,D1344-1.jpg
1350,D1344-2.jpg
1351,D1344-3.jpg
1352,D1345-0.jpg
1353,D1345-1.jpg
1354,D1345-2.jpg
1355,D1345-3.jpg
1356,D1346-0.jpg
1357,D1346-1.jpg
1358,D1346-2.jpg
1359,D1346-3.jpg
1360,D1347-0.jpg
1361,D1347-1.jpg
1362,D1347-2.jpg
1363,D1347-3.jpg
1364,D1348-0.jpg
1365,D1348-1.jpg
1366,D1348-2.jpg
1367,D1348-3.jpg
1368,D1349-0.jpg
1369,D1349-1.jpg
1370,D1349-2.jpg
1371,D1349-3.jpg
1372,D1350-0.jpg
1373,D1350-1.jpg
1374,D1350-2.jpg
1375,D1350-3.jpg
1376,D1351-0.jpg
1377,D1351-1.jpg
1378,D1351-2.jpg
1379,D1351-3.jpg
1380,D1352-0.jpg
1381,D1352-1.jpg
1382,D1352-2.jpg
1383,D1352-3.jpg
1384,D1353-0.jpg
1385,D1353-1.jpg
1386,D1353-2.jpg
1387,D1353-3.jpg
1388,D1354-0.jpg
1389,D1354-1.jpg
1390,D1354-2.jpg
1391,D1354-3.jpg
1392,D1355-0.jpg
1393,D1355-1.jpg
1394,D1355-2.jpg
1395,D1355-3.jpg
1396,D1356-0.jpg
1397,D1356-1.jpg
1398,D1356-2.jpg
1399,D1356-3.jpg
1400,D1357-0.jpg
1401,D1357-1.jpg
1402,D1357-2.jpg
1403,D1357-3.jpg
1404,D1358-0.jpg
1405,D1358-1.jpg
1406,D1358-2.jpg
1407,D1358-3.jpg
1408,D1359-0.jpg
1409,D1359-1.jpg
1410,D1359-2.jpg
1411,D1359-3.jpg
1412,D1360-0.jpg
1413,D1360-1.jpg
1414,D1360-2.jpg
1415,D1360-3.jpg
1416,D1361-0.jpg
1417,D1361-1.jpg
1418,D1361-2.jpg
1419,D1361-3.jpg
1420,D1362-0.jpg
1421,D1362-1.jpg
1422,D1362-2.jpg
1423,D1362-3.jpg
1424,D1363-0.jpg
1425,D1363-1.jpg
1426,D1363-2.jpg
1427,D1363-3.jpg
1428,D1364-0.jpg
1429,D1364-1.jpg
1430,D1364-2.jpg
1431,D1364-3.jpg
1432,D1365-0.jpg
1433,D1365-1.jpg
1434,D1365-2.jpg
1435,D1365-3.jpg
1436,D1366-0.jpg
1437,D1366-1.jpg
1438,D1366-2.jpg
1439,D1366-3.jpg
1440,D1367-0.jpg
1441,D1367-1.jpg
1442,D1367-2.jpg
1443,D1367-3.jpg
1444,D1368-0.jpg
1445,D1368-1.jpg
1446,D1368-2.jpg
1447,D1368-3.jpg
1448,D1369-0.jpg
1449,D1369-1.jpg
1450,D1369-2.jpg
1451,D1369-3.jpg
1452,D1370-0.jpg
1453,D1370-1.jpg
1454,D1370-2.jpg
1455,D1370-3.jpg
1456,D1371-0.jpg
1457,D1371-1.jpg
1458,D1371-2.jpg
1459,D1371-3.jpg
1460,D1372-0.jpg
1461,D1372-1.jpg
1462,D1372-2.jpg
1463,D1372-3.jpg
1464,D1373-0.jpg
1465,D1373-1.jpg
1466,D1373-2.jpg
1467,D1373-3.jpg
1468,D1374-0.jpg
1469,D1374-1.jpg
1470,D1374-2.jpg
1471,D1374-3.jpg
1472,D1375-0.jpg
1473,D1375-1.jpg
1474,D1375-2.jpg
1475,D1375-3.jpg
1476,D1376-0.jpg
1477,D1376-1.jpg
1478,D1376-2.jpg
1479,D1376-3.jpg
1480,D1377-0.jpg
1481,D1377-1.jpg
1482,D1377-2.jpg
1483,D1377-3.jpg
1484,D1378-0.jpg
1485,D1378-1.jpg
1486,D1378-2.jpg
1487,D1378-3.jpg
1488,D1379-0.jpg
1489,D1379-1.jpg
1490,D1379-2.jpg
1491,D1379-3.jpg
1492,D1380-0.jpg
1493,D1380-1.jpg
1494,D1380-2.jpg
1495,D1380-3.jpg
1496,D1381-0.jpg
1497,D1381-1.jpg
1498,D1381-2.jpg
1499,D1381-3.jpg
1500,D1382-0.jpg
1501,D1382-1.jpg
1502,D1382-2.jpg
1503,D1382-3.jpg
1504,D1383-0.jpg
1505,D1383-1.jpg
1506,D1383-2.jpg
1507,D1383-3.jpg
1508,D1384-0.jpg
1509,D1384-1.jpg
1510,D1384-2.jpg
1511,D1384-3.jpg
1512,D1385-0.jpg
1513,D1385-1.jpg
1514,D1385-2.jpg
1515,D1385-3.jpg
1516,D1386-0.jpg
1517,D1386-1.jpg
1518,D1386-2.jpg
1519,D1386-3.jpg
1520,D1387-0.jpg
1521,D1387-1.jpg
1522,D1387-2.jpg
1523,D1387-3.jpg
1524,D1388-0.jpg
1525,D1388-1.jpg
1526,D1388-2.jpg
1527,D1388-3.jpg
1528,D1389-0.jpg
1529,D1389-1.jpg
1530,D1389-2.jpg
1531,D1389-3.jpg
1532,D1390-0.jpg
1533,D1390-1.jpg
1534,D1390-2.jpg
1535,D1390-3.jpg
1536,D1391-0.jpg
1537,D1391-1.jpg
1538,D1391-2.jpg
1539,D1391-3.jpg
1540,D1392-0.jpg
1541,D1392-1.jpg
1542,D1392-2.jpg
1543,D1392-3.jpg
1544,D1393-0.jpg
1545,D1393-1.jpg
1546,D1393-2.jpg
1547,D1393-3.jpg
1548,D1394-0.jpg
1549,D1394-1.jpg
1550,D1394-2.jpg
1551,D1394-3.jpg
1552,D1395-0.jpg
1553,D1395-1.jpg
1554,D1395-2.jpg
1555,D1395-3.jpg
1556,D1396-0.jpg
1557,D1396-1.jpg
1558,D1396-2.jpg
1559,D1396-3.jpg
1560,D1397-0.jpg
1561,D1397-1.jpg
1562,D1397-2.jpg
1563,D1397-3.jpg
1564,D1398-0.jpg
1565,D1398-1.jpg
1566,D1398-2.jpg
1567,D1398-3.jpg
1568,D1399-0.jpg
1569,D1399-1.jpg
1570,D1399-2.jpg
1571,D1399-3.jpg
1572,D1400-0.jpg
1573,D1400-1.jpg
1574,D1400-2.jpg
1575,D1400-3.jpg
1576,D1401-0.jpg
1577,D1401-1.jpg
1578,D1401-2.jpg
1579,D1401-3.jpg
1580,E1338-0.jpg
1581,E1338-1.jpg
1582,E1338-2.jpg
1583,E1338-3.jpg
1584,E1339-0.jpg
1585,E1339-1.jpg
1586,E1339-2.jpg
1587,E1339-3.jpg
1588,E1340-0.jpg
1589,E1340-1.jpg
1590,E1340-2.jpg
1591,E1340-3.jpg
1592,E1341-0.jpg
1593,E1341-1.jpg
1594,E1341-2.jpg
1595,E1341-3.jpg
1596,E1342-0.jpg
1597,E1342-1.jpg
1598,E1342-2.jpg
1599,E1342-3.jpg
1600,E1343-0.jpg
1601,E1343-1.jpg
1602,E1343-2.jpg
1603,E1343-3.jpg
1604,E1344-0.jpg
1605,E1344-1.jpg
1606,E1344-2.jpg
1607,E1344-3.jpg
1608,E1345-0.jpg
1609,E1345-1.jpg
1610,E1345-2.jpg
1611,E1345-3.jpg
1612,E1346-0.jpg
1613,E1346-1.jpg
1614,E1346-2.jpg
1615,E1346-3.jpg
1616,E1347-0.jpg
1617,E1347-1.jpg
1618,E1347-2.jpg
1619,E1347-3.jpg
1620,E1348-0.jpg
1621,E1348-1.jpg
1622,E1348-2.jpg
1623,E1348-3.jpg
1624,E1349-0.jpg
1625,E1349-1.jpg
1626,E1349-2.jpg
1627,E1349-3.jpg
1628,E1350-0.jpg
1629,E1350-1.jpg
1630,E1350-2.jpg
1631,E1350-3.jpg
1632,E1351-0.jpg
1633,E1351-1.jpg
1634,E1351-2.jpg
1635,E1351-3.jpg
1636,E1352-0.jpg
1637,E1352-1.jpg
1638,E1352-2.jpg
1639,E1352-3.jpg
1640,E1353-0.jpg
1641,E1353-1.jpg
1642,E1353-2.jpg
1643,E1353-3.jpg
1644,E1354-0.jpg
1645,E1354-1.jpg
1646,E1354-2.jpg
1647,E1354-3.jpg
1648,E1355-0.jpg
1649,E1355-1.jpg
1650,E1355-2.jpg
1651,E1355-3.jpg
1652,E1356-0.jpg
1653,E1356-1.jpg
1654,E1356-2.jpg
1655,E1356-3.jpg
1656,E1357-0.jpg
1657,E1357-1.jpg
1658,E1357-2.jpg
1659,E1357-3.jpg
1660,E1358-0.jpg
1661,E1358-1.jpg
1662,E1358-2.jpg
1663,E1358-3.jpg
1664,E1359-0.jpg
1665,E1359-1.jpg
1666,E1359-2.jpg
1667,E1359-3.jpg
1668,E1360-0.jpg
1669,E1360-1.jpg
1670,E1360-2.jpg
1671,E1360-3.jpg
1672,E1361-0.jpg
1673,E1361-1.jpg
1674,E1361-2.jpg
1675,E1361-3.jpg
1676,E1362-0.jpg
1677,E1362-1.jpg
1678,E1362-2.jpg
1679,E1362-3.jpg
1680,E1363-0.jpg
1681,E1363-1.jpg
1682,E1363-2.jpg
1683,E1363-3.jpg
1684,E1364-0.jpg
1685,E1364-1.jpg
1686,E1364-2.jpg
1687,E1364-3.jpg
1688,E1365-0.jpg
1689,E1365-1.jpg
1690,E1365-2.jpg
1691,E1365-3.jpg
1692,E1366-0.jpg
1693,E1366-1.jpg
1694,E1366-2.jpg
1695,E1366-3.jpg
1696,E1367-0.jpg
1697,E1367-1.jpg
1698,E1367-2.jpg
1699,E1367-3.jpg
1700,E1368-0.jpg
1701,E1368-1.jpg
1702,E1368-2.jpg
1703,E1368-3.jpg
1704,E1369-0.jpg
1705,E1369-1.jpg
1706,E1369-2.jpg
1707,E1369-3.jpg
1708,E1370-0.jpg
1709,E1370-1.jpg
1710,E1370-2.jpg
1711,E1370-3.jpg
1712,E1371-0.jpg
1713,E1371-1.jpg
1714,E1371-2.jpg
1715,E1371-3.jpg
1716,E1372-0.jpg
1717,E1372-1.jpg
1718,E1372-2.jpg
1719,E1372-3.jpg
1720,E1373-0.jpg
1721,E1373-1.jpg
1722,E1373-2.jpg
1723,E1373-3.jpg
1724,E1374-0.jpg
1725,E1374-1.jpg
1726,E1374-2.jpg
1727,E1374-3.jpg
1728,E1375-0.jpg
1729,E1375-1.jpg
1730,E1375-2.jpg
1731,E1375-3.jpg
1732,E1376-0.jpg
1733,E1376-1.jpg
1734,E1376-2.jpg
1735,E1376-3.jpg
1736,E1377-0.jpg
1737,E1377-1.jpg
1738,E1377-2.jpg
1739,E1377-3.jpg
1740,E1378-0.jpg
1741,E1378-1.jpg
1742,E1378-2.jpg
1743,E1378-3.jpg
1744,E1379-0.jpg
1745,E1379-1.jpg
1746,E1379-2.jpg
1747,E1379-3.jpg
1748,E1380-0.jpg
1749,E1380-1.jpg
1750,E1380-2.jpg
1751,E1380-3.jpg
1752,E1381-0.jpg
1753,E1381-1.jpg
1754,E1381-2.jpg
1755,E1381-3.jpg
1756,E1382-0.jpg
1757,E1382-1.jpg
1758,E1382-2.jpg
1759,E1382-3.jpg
1760,E1383-0.jpg
1761,E1383-1.jpg
1762,E1383-2.jpg
1763,E1383-3.jpg
1764,E1384-0.jpg
1765,E1384-1.jpg
1766,E1384-2.jpg
1767,E1384-3.jpg
1768,E1385-0.jpg
1769,E1385-1.jpg
1770,E1385-2.jpg
1771,E1385-3.jpg
1772,E1386-0.jpg
1773,E1386-1.jpg
1774,E1386-2.jpg
1775,E1386-3.jpg
1776,E1387-0.jpg
1777,E1387-1.jpg
1778,E1387-2.jpg
1779,E1387-3.jpg
1780,E1388-0.jpg
1781,E1388-1.jpg
1782,E1388-2.jpg
1783,E1388-3.jpg
1784,E1389-0.jpg
1785,E1389-1.jpg
1786,E1389-2.jpg
1787,E1389-3.jpg
1788,E1390-0.jpg
1789,E1390-1.jpg
1790,E1390-2.jpg
1791,E1390-3.jpg
1792,E1391-0.jpg
1793,E1391-1.jpg
1794,E1391-2.jpg
1795,E1391-3.jpg
1796,E1392-0.jpg
1797,E1392-1.jpg
1798,E1392-2.jpg
1799,E1392-3.jpg
1800,E1393-0.jpg
1801,E1393-1.jpg
1802,E1393-2.jpg
1803,E1393-3.jpg
1804,E1394-0.jpg
1805,E1394-1.jpg
1806,E1394-2.jpg
1807,E1394-3.jpg
1808,E1395-0.jpg
1809,E1395-1.jpg
1810,E1395-2.jpg
1811,E1395-3.jpg
1812,E1396-0.jpg
1813,E1396-1.jpg
1814,E1396-2.jpg
1815,E1396-3.jpg
1816,E1397-0.jpg
1817,E1397-1.jpg
1818,E1397-2.jpg
1819,E1397-3.jpg
1820,E1398-0.jpg
1821,E1398-1.jpg
1822,E1398-2.jpg
1823,E1398-3.jpg
1824,E1399-0.jpg
1825,E1399-1.jpg
1826,E1399-2.jpg
1827,E1399-3.jpg
1828,E1400-0.jpg
1829,E1400-1.jpg
1830,E1400-2.jpg
1831,E1400-3.jpg
1832,E1401-0.jpg
1833,E1401-1.jpg
1834,E1401-2.jpg
1835,E1401-3.jpg
1836,F0001-0.jpg
1837,F0001-1.jpg
1838,F0001-2.jpg
1839,F0001-3.jpg
1840,F0002-0.jpg
1841,F0002-1.jpg
1842,F0002-2.jpg
1843,F0002-3.jpg
1844,F0003-0.jpg
1845,F0003-1.jpg
1846,F0003-2.jpg
1847,F0003-3.jpg
1848,F0004-0.jpg
1849,F0004-1.jpg
1850,F0004-2.jpg
1851,F0004-3.jpg
1852,F0005-0.jpg
1853,F0005-1.jpg
1854,F0005-2.jpg
1855,F0005-3.jpg
1856,F0006-0.jpg
1857,F0006-1.jpg
1858,F0006-2.jpg
1859,F0006-3.jpg
1860,F0007-0.jpg
1861,F0007-1.jpg
1862,F0007-2.jpg
1863,F0007-3.jpg
1864,F0008-0.jpg
1865,F0008-1.jpg
1866,F0008-2.jpg
1867,F0008-3.jpg
1868,F0009-0.jpg
1869,F0009-1.jpg
1870,F0009-2.jpg
1871,F0009-3.jpg
1872,F0010-0.jpg
1873,F0010-1.jpg
1874,F0010-2.jpg
1875,F0010-3.jpg
1876,F0011-0.jpg
1877,F0011-1.jpg
1878,F0011-2.jpg
1879,F0011-3.jpg
1880,F0012-0.jpg
1881,F0012-1.jpg
1882,F0012-2.jpg
1883,F0012-3.jpg
1884,F0013-0.jpg
1885,F0013-1.jpg
1886,F0013-2.jpg
1887,F0013-3.jpg
1888,F0014-0.jpg
1889,F0014-1.jpg
1890,F0014-2.jpg
1891,F0014-3.jpg
1892,F0015-0.jpg
1893,F0015-1.jpg
1894,F0015-2.jpg
1895,F0015-3.jpg
1896,F0016-0.jpg
1897,F0016-1.jpg
1898,F0016-2.jpg
1899,F0016-3.jpg
1900,F0017-0.jpg
1901,F0017-1.jpg
1902,F0017-2.jpg
1903,F0017-3.jpg
1904,F0018-0.jpg
1905,F0018-1.jpg
1906,F0018-2.jpg
1907,F0018-3.jpg
1908,F0019-0.jpg
1909,F0019-1.jpg
1910,F0019-2.jpg
1911,F0019-3.jpg
1912,F0020-0.jpg
1913,F0020-1.jpg
1914,F0020-2.jpg
1915,F0020-3.jpg
1916,F0021-0.jpg
1917,F0021-1.jpg
1918,F0021-2.jpg
1919,F0021-3.jpg
1920,F0022-0.jpg
1921,F0022-1.jpg
1922,F0022-2.jpg
1923,F0022-3.jpg
1924,F0023-0.jpg
1925,F0023-1.jpg
1926,F0023-2.jpg
1927,F0023-3.jpg
1928,F0024-0.jpg
1929,F0024-1.jpg
1930,F0024-2.jpg
1931,F0024-3.jpg
1932,F0025-0.jpg
1933,F0025-1.jpg
1934,F0025-2.jpg
1935,F0025-3.jpg
1936,F0026-0.jpg
1937,F0026-1.jpg
1938,F0026-2.jpg
1939,F0026-3.jpg
1940,F0027-0.jpg
1941,F0027-1.jpg
1942,F0027-2.jpg
1943,F0027-3.jpg
1944,F0028-0.jpg
1945,F0028-1.jpg
1946,F0028-2.jpg
1947,F0028-3.jpg
1948,F0029-0.jpg
1949,F0029-1.jpg
1950,F0029-2.jpg
1951,F0029-3.jpg
1952,F0030-0.jpg
1953,F0030-1.jpg
1954,F0030-2.jpg
1955,F0030-3.jpg
1956,F0031-0.jpg
1957,F0031-1.jpg
1958,F0031-2.jpg
1959,F0031-3.jpg
1960,F0032-0.jpg
1961,F0032-1.jpg
1962,F0032-2.jpg
1963,F0032-3.jpg
1964,F1338-0.jpg
1965,F1338-1.jpg
1966,F1338-2.jpg
1967,F1338-3.jpg
1968,F1339-0.jpg
1969,F1339-1.jpg
1970,F1339-2.jpg
1971,F1339-3.jpg
1972,F1340-0.jpg
1973,F1340-1.jpg
1974,F1340-2.jpg
1975,F1340-3.jpg
1976,F1341-0.jpg
1977,F1341-1.jpg
1978,F1341-2.jpg
1979,F1341-3.jpg
1980,F1342-0.jpg
1981,F1342-1.jpg
1982,F1342-2.jpg
1983,F1342-3.jpg
1984,F1343-0.jpg
1985,F1343-1.jpg
1986,F1343-2.jpg
1987,F1343-3.jpg
1988,F1344-0.jpg
1989,F1344-1.jpg
1990,F1344-2.jpg
1991,F1344-3.jpg
1992,F1345-0.jpg
1993,F1345-1.jpg
1994,F1345-2.jpg
1995,F1345-3.jpg
1996,F1346-0.jpg
1997,F1346-1.jpg
1998,F1346-2.jpg
1999,F1346-3.jpg
2000,F1347-0.jpg
2001,F1347-1.jpg
2002,F1347-2.jpg
2003,F1347-3.jpg
2004,F1348-0.jpg
2005,F1348-1.jpg
2006,F1348-2.jpg
2007,F1348-3.jpg
2008,F1349-0.jpg
2009,F1349-1.jpg
2010,F1349-2.jpg
2011,F1349-3.jpg
2012,F1350-0.jpg
2013,F1350-1.jpg
2014,F1350-2.jpg
2015,F1350-3.jpg
2016,F1351-0.jpg
2017,F1351-1.jpg
2018,F1351-2.jpg
2019,F1351-3.jpg
2020,F1352-0.jpg
2021,F1352-1.jpg
2022,F1352-2.jpg
2023,F1352-3.jpg
2024,F1353-0.jpg
2025,F1353-1.jpg
2026,F1353-2.jpg
2027,F1353-3.jpg
2028,F1354-0.jpg
2029,F1354-1.jpg
2030,F1354-2.jpg
2031,F1354-3.jpg
2032,F1355-0.jpg
2033,F1355-1.jpg
2034,F1355-2.jpg
2035,F1355-3.jpg
2036,F1356-0.jpg
2037,F1356-1.jpg
2038,F1356-2.jpg
2039,F1356-3.jpg
2040,F1357-0.jpg
2041,F1357-1.jpg
2042,F1357-2.jpg
2043,F1357-3.jpg
2044,F1358-0.jpg
2045,F1358-1.jpg
2046,F1358-2.jpg
2047,F1358-3.jpg
2048,F1359-0.jpg
2049,F1359-1.jpg
2050,F1359-2.jpg
2051,F1359-3.jpg
2052,F1360-0.jpg
2053,F1360-1.jpg
2054,F1360-2.jpg
2055,F1360-3.jpg
2056,F1361-0.jpg
2057,F1361-1.jpg
2058,F1361-2.jpg
2059,F1361-3.jpg
2060,F1362-0.jpg
2061,F1362-1.jpg
2062,F1362-2.jpg
2063,F1362-3.jpg
2064,F1363-0.jpg
2065,F1363-1.jpg
2066,F1363-2.jpg
2067,F1363-3.jpg
2068,F1364-0.jpg
2069,F1364-1.jpg
2070,F1364-2.jpg
2071,F1364-3.jpg
2072,F1365-0.jpg
2073,F1365-1.jpg
2074,F1365-2.jpg
2075,F1365-3.jpg
2076,F1366-0.jpg
2077,F1366-1.jpg
2078,F1366-2.jpg
2079,F1366-3.jpg
2080,F1367-0.jpg
2081,F1367-1.jpg
2082,F1367-2.jpg
2083,F1367-3.jpg
2084,F1368-0.jpg
2085,F1368-1.jpg
2086,F1368-2.jpg
2087,F1368-3.jpg
2088,F1369-0.jpg
2089,F1369-1.jpg
2090,F1369-2.jpg
2091,F1369-3.jpg
2092,F1370-0.jpg
2093,F1370-1.jpg
2094,F1370-2.jpg
2095,F1370-3.jpg
2096,F1371-0.jpg
2097,F1371-1.jpg
2098,F1371-2.jpg
2099,F1371-3.jpg
2100,F1372-0.jpg
2101,F1372-1.jpg
2102,F1372-2.jpg
2103,F1372-3.jpg
2104,F1373-0.jpg
2105,F1373-1.jpg
2106,F1373-2.jpg
2107,F1373-3.jpg
2108,F1374-0.jpg
2109,F1374-1.jpg
2110,F1374-2.jpg
2111,F1374-3.jpg
2112,F1375-0.jpg
2113,F1375-1.jpg
2114,F1375-2.jpg
2115,F1375-3.jpg
2116,F1376-0.jpg
2117,F1376-1.jpg
2118,F1376-2.jpg
2119,F1376-3.jpg
2120,F1377-0.jpg
2121,F1377-1.jpg
2122,F1377-2.jpg
2123,F1377-3.jpg
2124,F1378-0.jpg
2125,F1378-1.jpg
2126,F1378-2.jpg
2127,F1378-3.jpg
2128,F1379-0.jpg
2129,F1379-1.jpg
2130,F1379-2.jpg
2131,F1379-3.jpg
2132,F1380-0.jpg
2133,F1380-1.jpg
2134,F1380-2.jpg
2135,F1380-3.jpg
2136,F1381-0.jpg
2137,F1381-1.jpg
2138,F1381-2.jpg
2139,F1381-3.jpg
2140,F1382-0.jpg
2141,F1382-1.jpg
2142,F1382-2.jpg
2143,F1382-3.jpg
2144,F1383-0.jpg
2145,F1383-1.jpg
2146,F1383-2.jpg
2147,F1383-3.jpg
2148,F1384-0.jpg
2149,F1384-1.jpg
2150,F1384-2.jpg
2151,F1384-3.jpg
2152,F1385-0.jpg
2153,F1385-1.jpg
2154,F1385-2.jpg
2155,F1385-3.jpg
2156,F1386-0.jpg
2157,F1386-1.jpg
2158,F1386-2.jpg
2159,F1386-3.jpg
2160,F1387-0.jpg
2161,F1387-1.jpg
2162,F1387-2.jpg
2163,F1387-3.jpg
2164,F1388-0.jpg
2165,F1388-1.jpg
2166,F1388-2.jpg
2167,F1388-3.jpg
2168,F1389-0.jpg
2169,F1389-1.jpg
2170,F1389-2.jpg
2171,F1389-3.jpg
2172,F1390-0.jpg
2173,F1390-1.jpg
2174,F1390-2.jpg
2175,F1390-3.jpg
2176,F1391-0.jpg
2177,F1391-1.jpg
2178,F1391-2.jpg
2179,F1391-3.jpg
2180,F1392-0.jpg
2181,F1392-1.jpg
2182,F1392-2.jpg
2183,F1392-3.jpg
2184,F1393-0.jpg
2185,F1393-1.jpg
2186,F1393-2.jpg
2187,F1393-3.jpg
2188,F1394-0.jpg
2189,F1394-1.jpg
2190,F1394-2.jpg
2191,F1394-3.jpg
2192,F1395-0.jpg
2193,F1395-1.jpg
2194,F1395-2.jpg
2195,F1395-3.jpg
2196,F1396-0.jpg
2197,F1396-1.jpg
2198,F1396-2.jpg
2199,F1396-3.jpg
2200,F1397-0.jpg
2201,F1397-1.jpg
2202,F1397-2.jpg
2203,F1397-3.jpg
2204,F1398-0.jpg
2205,F1398-1.jpg
2206,F1398-2.jpg
2207,F1398-3.jpg
2208,F1399-0.jpg
2209,F1399-1.jpg
2210,F1399-2.jpg
2211,F1399-3.jpg
2212,F1400-0.jpg
2213,F1400-1.jpg
2214,F1400-2.jpg
2215,F1400-3.jpg
2216,F1401-0.jpg
2217,F1401-1.jpg
2218,F1401-2.jpg
2219,F1401-3.jpg
2220,F1434-0.jpg
2221,F1434-1.jpg
2222,F1434-2.jpg
2223,F1434-3.jpg
2224,F1435-0.jpg
2225,F1435-1.jpg
2226,F1435-2.jpg
2227,F1435-3.jpg
2228,F1438-0.jpg
2229,F1438-1.jpg
2230,F1438-2.jpg
2231,F1438-3.jpg
2232,F1439-0.jpg
2233,F1439-1.jpg
2234,F1439-2.jpg
2235,F1439-3.jpg
2236,F1553-0.jpg
2237,F1553-1.jpg
2238,F1553-2.jpg
2239,F1553-3.jpg
2240,F1554-0.jpg
2241,F1554-1.jpg
2242,F1554-2.jpg
2243,F1554-3.jpg
2244,F1557-0.jpg
2245,F1557-1.jpg
2246,F1557-2.jpg
2247,F1557-3.jpg
2248,F1558-0.jpg
2249,F1558-1.jpg
2250,F1558-2.jpg
2251,F1558-3.jpg
2252,F1559-0.jpg
2253,F1559-1.jpg
2254,F1559-2.jpg
2255,F1559-3.jpg
2256,F1560-0.jpg
2257,F1560-1.jpg
2258,F1560-2.jpg
2259,F1560-3.jpg
2260,F1566-0.jpg
2261,F1566-1.jpg
2262,F1566-2.jpg
2263,F1566-3.jpg
2264,F1567-0.jpg
2265,F1567-1.jpg
2266,F1567-2.jpg
2267,F1567-3.jpg
2268,F1583-0.jpg
2269,F1583-1.jpg
2270,F1583-2.jpg
2271,F1583-3.jpg
2272,F1584-0.jpg
2273,F1584-1.jpg
2274,F1584-2.jpg
2275,F1584-3.jpg
2276,F1656-0.jpg
2277,F1656-1.jpg
2278,F1656-2.jpg
2279,F1656-3.jpg
2280,F1657-1-0.jpg
2281,F1657-1-1.jpg
2282,F1657-1-2.jpg
2283,F1657-1-3.jpg
2284,F1657-2-0.jpg
2285,F1657-2-1.jpg
2286,F1657-2-2.jpg
2287,F1657-2-3.jpg
2288,F1658-0.jpg
2289,F1658-1.jpg
2290,F1658-2.jpg
2291,F1658-3.jpg
2292,F1662-0.jpg
2293,F1662-1.jpg
2294,F1662-2.jpg
2295,F1662-3.jpg
2296,F1663-0.jpg
2297,F1663-1.jpg
2298,F1663-2.jpg
2299,F1663-3.jpg
2300,F1666-0.jpg
2301,F1666-1.jpg
2302,F1666-2.jpg
2303,F1666-3.jpg
2304,F1667-0.jpg
2305,F1667-1.jpg
2306,F1667-2.jpg
2307,F1667-3.jpg
2308,F1671-0.jpg
2309,F1671-1.jpg
2310,F1671-2.jpg
2311,F1671-3.jpg
2312,F1672-0.jpg
2313,F1672-1.jpg
2314,F1672-2.jpg
2315,F1672-3.jpg
2316,F1674-0.jpg
2317,F1674-1.jpg
2318,F1674-2.jpg
2319,F1674-3.jpg
2320,F1675-0.jpg
2321,F1675-1.jpg
2322,F1675-2.jpg
2323,F1675-3.jpg
2324,F1677-0.jpg
2325,F1677-1.jpg
2326,F1677-2.jpg
2327,F1677-3.jpg
2328,F1678-0.jpg
2329,F1678-1.jpg
2330,F1678-2.jpg
2331,F1678-3.jpg
2332,F1683-0.jpg
2333,F1683-1.jpg
2334,F1683-2.jpg
2335,F1683-3.jpg
2336,F1684-0.jpg
2337,F1684-1.jpg
2338,F1684-2.jpg
2339,F1684-3.jpg
2340,F1689-0.jpg
2341,F1689-1.jpg
2342,F1689-2.jpg
2343,F1689-3.jpg
2344,F1690-0.jpg
2345,F1690-1.jpg
2346,F1690-2.jpg
2347,F1690-3.jpg
2348,F1691-0.jpg
2349,F1691-1.jpg
2350,F1691-2.jpg
2351,F1691-3.jpg
2352,F1692-0.jpg
2353,F1692-1.jpg
2354,F1692-2.jpg
2355,F1692-3.jpg
2356,F1696-0.jpg
2357,F1696-1.jpg
2358,F1696-2.jpg
2359,F1696-3.jpg
2360,F1697-0.jpg
2361,F1697-1.jpg
2362,F1697-2.jpg
2363,F1697-3.jpg
2364,F1698-0.jpg
2365,F1698-1.jpg
2366,F1698-2.jpg
2367,F1698-3.jpg
2368,F1699-0.jpg
2369,F1699-1.jpg
2370,F1699-2.jpg
2371,F1699-3.jpg
2372,T1342-0.jpg
2373,T1342-1.jpg
2374,T1342-2.jpg
2375,T1342-3.jpg
2376,T1343-0.jpg
2377,T1343-1.jpg
2378,T1343-2.jpg
2379,T1343-3.jpg
2380,T1344-0.jpg
2381,T1344-1.jpg
2382,T1344-2.jpg
2383,T1344-3.jpg
2384,T1345-0.jpg
2385,T1345-1.jpg
2386,T1345-2.jpg
2387,T1345-3.jpg
2388,T1346-0.jpg
2389,T1346-1.jpg
2390,T1346-2.jpg
2391,T1346-3.jpg
2392,T1347-0.jpg
2393,T1347-1.jpg
2394,T1347-2.jpg
2395,T1347-3.jpg
2396,T1348-0.jpg
2397,T1348-1.jpg
2398,T1348-2.jpg
2399,T1348-3.jpg
2400,T1349-0.jpg
2401,T1349-1.jpg
2402,T1349-2.jpg
2403,T1349-3.jpg
2404,T1350-0.jpg
2405,T1350-1.jpg
2406,T1350-2.jpg
2407,T1350-3.jpg
2408,T1351-0.jpg
2409,T1351-1.jpg
2410,T1351-2.jpg
2411,T1351-3.jpg
2412,T1352-0.jpg
2413,T1352-1.jpg
2414,T1352-2.jpg
2415,T1352-3.jpg
2416,T1353-0.jpg
2417,T1353-1.jpg
2418,T1353-2.jpg
2419,T1353-3.jpg
2420,T1354-0.jpg
2421,T1354-1.jpg
2422,T1354-2.jpg
2423,T1354-3.jpg
2424,T1355-0.jpg
2425,T1355-1.jpg
2426,T1355-2.jpg
2427,T1355-3.jpg
2428,T1356-0.jpg
2429,T1356-1.jpg
2430,T1356-2.jpg
2431,T1356-3.jpg
2432,T1357-0.jpg
2433,T1357-1.jpg
2434,T1357-2.jpg
2435,T1357-3.jpg
2436,T1358-0.jpg
2437,T1358-1.jpg
2438,T1358-2.jpg
2439,T1358-3.jpg
2440,T1359-0.jpg
2441,T1359-1.jpg
2442,T1359-2.jpg
2443,T1359-3.jpg
2444,T1360-0.jpg
2445,T1360-1.jpg
2446,T1360-2.jpg
2447,T1360-3.jpg
2448,T1361-0.jpg
2449,T1361-1.jpg
2450,T1361-2.jpg
2451,T1361-3.jpg
2452,T1362-0.jpg
2453,T1362-1.jpg
2454,T1362-2.jpg
2455,T1362-3.jpg
2456,T1363-0.jpg
2457,T1363-1.jpg
2458,T1363-2.jpg
2459,T1363-3.jpg
2460,T1364-0.jpg
2461,T1364-1.jpg
2462,T1364-2.jpg
2463,T1364-3.jpg
2464,T1365-0.jpg
2465,T1365-1.jpg
2466,T1365-2.jpg
2467,T1365-3.jpg
2468,T1366-0.jpg
2469,T1366-1.jpg
2470,T1366-2.jpg
2471,T1366-3.jpg
2472,T1367-0.jpg
2473,T1367-1.jpg
2474,T1367-2.jpg
2475,T1367-3.jpg
2476,T1368-0.jpg
2477,T1368-1.jpg
2478,T1368-2.jpg
2479,T1368-3.jpg
2480,T1369-0.jpg
2481,T1369-1.jpg
2482,T1369-2.jpg
2483,T1369-3.jpg
2484,T1370-0.jpg
2485,T1370-1.jpg
2486,T1370-2.jpg
2487,T1370-3.jpg
2488,T1371-0.jpg
2489,T1371-1.jpg
2490,T1371-2.jpg
2491,T1371-3.jpg
